Date,City,Region,Category,Customer_ID,Customer_Segment,Sales,Profit,Discount,Temperature_C,Humidity_Percent,Rainfall_mm,Wind_Speed_kmph,Customer_Sales,Purchase_Frequency,Last_Purchase,Recency_Days
2025-01-26,Jaipur,North,Home & Kitchen,C1004,New,8858.04,2163.98,0.068,19.8,56.5,4.1,13.1,110758.69,7,2025-10-09,83
2025-09-08,Chennai,South,Home & Kitchen,C1020,Premium,13367.95,2482.54,0.094,30.1,78.4,64.4,10.7,81472.18,4,2025-11-09,52
2025-07-12,Pune,West,Electronics,C1055,Regular,23220.17,3442.87,0.108,31.5,81.0,26.1,10.5,75512.91,4,2025-12-13,18
2025-01-05,Guwahati,East,Sports,C1034,Regular,3709.48,1423.8,0.117,18.9,51.9,31.7,14.3,6498.45,2,2025-07-30,154
2025-04-21,Delhi,North,Home & Kitchen,C1021,Premium,9582.48,1647.66,0.126,26.7,57.5,0.0,16.0,66963.2,5,2025-08-04,149
2025-07-18,Bengaluru,South,Clothing,C1045,Premium,6631.3,2164.09,0.11,22.4,80.4,53.5,7.2,33792.42,5,2025-10-14,78
2025-08-23,Bengaluru,South,Clothing,C1006,Regular,5021.53,1178.07,0.086,25.3,85.0,88.8,13.5,84364.59,10,2025-12-13,18
2025-06-08,Lucknow,North,Sports,C1029,Premium,4800.22,1337.1,0.043,31.1,85.4,60.6,13.7,70266.59,6,2025-11-05,56
2025-03-19,Delhi,North,Electronics,C1054,Premium,22354.27,3655.06,0.053,24.3,56.3,0.0,15.1,103824.88,7,2025-12-28,3
2025-01-02,Guwahati,East,Sports,C1015,New,10453.94,2388.01,0.068,25.0,56.3,5.1,15.2,27444.410000000003,2,2025-01-10,355
2025-08-30,Chennai,South,Sports,C1001,Regular,9858.81,2787.76,0.047,34.8,81.9,32.6,13.2,63865.35,6,2025-12-24,7
2025-04-16,Delhi,North,Clothing,C1025,New,6055.21,1412.48,0.135,27.6,58.4,1.9,9.0,87587.81,9,2025-12-19,12
2025-12-20,Guwahati,East,Electronics,C1053,Regular,9017.13,1604.68,0.11,20.1,57.8,0.0,12.9,61402.78,7,2025-12-30,1
2025-06-07,Bengaluru,South,Electronics,C1043,Regular,12027.78,1824.12,0.024,31.4,88.4,64.0,10.3,98163.75,11,2025-12-23,8
2025-06-10,Jaipur,North,Sports,C1022,Premium,4811.95,1274.99,0.06,29.8,61.3,0.0,15.3,34250.42,3,2025-06-10,204
2025-02-03,Pune,West,Electronics,C1053,Regular,11250.13,1773.17,0.014,24.4,62.2,8.4,19.9,61402.78,7,2025-12-30,1
2025-12-14,Kolkata,East,Sports,C1044,Regular,14131.24,3281.21,0.103,22.1,59.4,8.4,20.6,61615.93,5,2025-12-14,17
2025-03-21,Lucknow,North,Electronics,C1046,Premium,40219.71,5732.04,0.111,26.7,76.1,18.2,11.5,51770.04,2,2025-03-21,285
2025-11-10,Lucknow,North,Home & Kitchen,C1024,Premium,13054.83,2870.15,0.043,24.2,55.3,8.4,13.2,100971.69,6,2025-11-10,51
2025-01-01,Jaipur,North,Electronics,C1050,Regular,21844.89,3650.68,0.051,23.1,62.9,9.1,13.6,53219.47,3,2025-11-29,32
2025-10-19,Kolkata,East,Clothing,C1039,Regular,9444.83,2478.63,0.062,28.0,60.7,8.8,15.6,76610.16,6,2025-12-04,27
2025-04-01,Bengaluru,South,Clothing,C1017,Premium,6312.29,1646.12,0.048,27.3,59.1,0.0,13.3,52863.37,7,2025-10-30,62
2025-01-22,Bengaluru,South,Home & Kitchen,C1044,Premium,11701.38,2865.31,0.139,18.5,50.6,16.2,14.8,61615.93,5,2025-12-14,17
2025-10-15,Ahmedabad,West,Electronics,C1014,Regular,13937.27,1760.19,0.081,29.0,54.2,14.0,17.7,78308.61,7,2025-10-15,77
2025-07-20,Jaipur,North,Sports,C1047,Regular,5838.03,1823.85,0.149,29.7,66.2,50.2,19.3,33841.44,5,2025-08-13,140
2025-08-10,Kolkata,East,Sports,C1038,Regular,3243.95,751.27,0.007,30.0,80.6,66.8,12.5,49130.02,6,2025-12-14,17
2025-11-01,Chennai,South,Sports,C1039,Premium,7373.28,1715.05,0.061,26.5,60.7,9.1,15.9,76610.16,6,2025-12-04,27
2025-08-15,Pune,West,Electronics,C1055,Regular,30487.67,4194.7,0.102,28.4,84.8,58.5,7.4,75512.91,4,2025-12-13,18
2025-10-06,Lucknow,North,Clothing,C1031,Regular,3354.24,1209.92,0.053,21.3,59.1,8.4,13.7,56398.43,7,2025-12-30,1
2025-12-26,Ahmedabad,West,Electronics,C1003,Regular,21982.83,3370.06,0.077,25.6,61.5,27.0,5.0,68437.03,4,2025-12-26,5
2025-10-09,Lucknow,North,Clothing,C1004,Regular,7761.5,2022.64,0.05,21.9,65.0,18.1,12.1,110758.69,7,2025-10-09,83
2025-01-09,Jaipur,North,Clothing,C1021,Regular,11587.47,2781.39,0.054,19.1,63.3,11.2,16.3,66963.2,5,2025-08-04,149
2025-05-14,Pune,West,Sports,C1060,Regular,3495.07,912.51,0.089,31.2,55.5,7.7,9.7,22767.519999999997,3,2025-06-30,184
2025-01-17,Bengaluru,South,Clothing,C1033,Regular,2299.01,-87.93,0.128,18.7,62.8,0.0,9.1,13418.33,4,2025-10-29,63
2025-03-31,Bhubaneswar,East,Electronics,C1025,Premium,14111.23,1922.7,0.117,28.0,61.8,19.7,13.3,87587.81,9,2025-12-19,12
2025-08-04,Kolkata,East,Electronics,C1005,Regular,21459.53,3608.46,0.054,30.8,66.5,19.5,11.5,99747.54,8,2025-11-11,50
2025-04-23,Ahmedabad,West,Clothing,C1045,Premium,9608.68,2651.49,0.066,31.8,62.7,0.0,19.0,33792.42,5,2025-10-14,78
2025-12-14,Kolkata,East,Clothing,C1032,Regular,9965.17,2597.42,0.12,28.4,53.4,13.3,12.5,43318.64,5,2025-12-14,17
2025-07-18,Ahmedabad,West,Home & Kitchen,C1049,Regular,17550.12,3711.11,0.065,36.3,77.5,42.5,7.9,86250.66,7,2025-11-24,37
2025-12-16,Lucknow,North,Home & Kitchen,C1010,Premium,12782.89,2628.79,0.063,22.2,53.3,9.0,13.0,23053.269999999997,2,2025-12-16,15
2025-05-23,Pune,West,Home & Kitchen,C1056,Regular,13070.71,2541.79,0.088,28.7,63.7,21.5,18.0,44396.03,6,2025-10-09,83
2025-08-06,Hyderabad,South,Sports,C1042,New,7108.99,1556.68,0.026,27.1,73.4,52.3,19.9,85665.87,6,2025-11-06,55
2025-11-29,Delhi,North,Home & Kitchen,C1050,New,18057.33,3616.38,0.077,19.8,64.0,0.0,15.2,53219.47,3,2025-11-29,32
2025-07-19,Chennai,South,Clothing,C1014,Premium,3930.38,1160.19,0.154,30.4,69.6,7.9,12.7,78308.61,7,2025-10-15,77
2025-04-16,Pune,West,Sports,C1031,Regular,7186.35,1292.85,0.107,26.4,73.0,14.9,17.2,56398.43,7,2025-12-30,1
2025-07-03,Jaipur,North,Electronics,C1037,Regular,17277.3,2611.27,0.099,29.6,89.6,62.6,9.9,48113.71,4,2025-08-21,132
2025-09-28,Hyderabad,South,Electronics,C1007,New,36110.33,4684.03,0.181,25.9,71.6,72.9,11.2,85664.42,6,2025-09-28,94
2025-06-17,Mumbai,West,Home & Kitchen,C1020,Regular,9093.63,1591.09,0.079,34.8,85.9,116.7,20.3,81472.18,4,2025-11-09,52
2025-01-04,Chennai,South,Home & Kitchen,C1042,New,13203.43,2937.75,0.073,22.7,69.1,0.0,18.3,85665.87,6,2025-11-06,55
2025-07-21,Guwahati,East,Sports,C1017,Regular,8387.16,2110.84,0.096,27.7,86.1,48.0,10.1,52863.37,7,2025-10-30,62
2025-01-23,Chennai,South,Home & Kitchen,C1048,Regular,16869.2,3975.14,0.061,28.6,68.6,21.3,17.0,78417.64,6,2025-09-03,119
2025-07-03,Lucknow,North,Clothing,C1009,New,6769.6,1729.69,0.097,28.5,79.0,60.5,14.7,24129.92,5,2025-11-26,35
2025-12-22,Bengaluru,South,Sports,C1011,Regular,7083.81,1703.27,0.033,17.9,69.0,0.9,12.6,57094.42,6,2025-12-22,9
2025-04-26,Guwahati,East,Electronics,C1020,Premium,36648.42,6169.47,0.007,30.0,56.4,20.8,14.7,81472.18,4,2025-11-09,52
2025-05-06,Hyderabad,South,Home & Kitchen,C1029,Regular,16277.05,3253.24,0.059,31.3,62.8,18.6,10.4,70266.59,6,2025-11-05,56
2025-02-09,Mumbai,West,Electronics,C1017,Regular,7547.93,1331.92,0.05,26.0,55.0,6.2,19.5,52863.37,7,2025-10-30,62
2025-05-03,Bhubaneswar,East,Clothing,C1016,New,8051.55,2148.2,0.089,30.1,48.1,0.0,14.9,108233.99,8,2025-11-06,55
2025-11-24,Mumbai,West,Electronics,C1049,Regular,6032.37,950.87,0.055,27.9,66.3,1.9,11.0,86250.66,7,2025-11-24,37
2025-11-02,Hyderabad,South,Home & Kitchen,C1039,Regular,12737.32,2987.11,0.053,20.0,69.5,9.7,16.4,76610.16,6,2025-12-04,27
2025-02-24,Delhi,North,Home & Kitchen,C1030,Regular,5662.62,1331.78,0.057,21.4,58.8,7.9,15.4,55869.04,6,2025-12-03,28
2025-04-04,Chennai,South,Sports,C1025,Premium,6586.46,1698.65,0.122,30.4,58.6,10.5,14.1,87587.81,9,2025-12-19,12
2025-04-30,Bhubaneswar,East,Sports,C1024,Premium,9969.03,2586.78,0.027,29.0,51.0,22.6,12.4,100971.69,6,2025-11-10,51
2025-10-10,Ahmedabad,West,Clothing,C1006,Regular,4340.81,961.49,0.199,27.0,52.0,17.6,12.6,84364.59,10,2025-12-13,18
2025-09-10,Guwahati,East,Sports,C1006,Premium,2982.17,533.74,0.045,24.8,87.8,84.9,17.2,84364.59,10,2025-12-13,18
2025-09-13,Delhi,North,Home & Kitchen,C1027,Regular,14054.47,3054.11,0.048,24.9,93.7,61.6,17.8,31717.68,4,2025-09-13,109
2025-10-13,Bhubaneswar,East,Home & Kitchen,C1043,Regular,10243.32,2570.05,0.04,26.5,59.4,10.3,17.7,98163.75,11,2025-12-23,8
2025-08-04,Bhubaneswar,East,Home & Kitchen,C1021,New,11594.23,2307.76,0.08,31.7,74.6,17.7,14.1,66963.2,5,2025-08-04,149
2025-06-21,Chennai,South,Clothing,C1048,Regular,7793.8,2063.16,0.05,33.2,76.3,12.3,15.7,78417.64,6,2025-09-03,119
2025-04-29,Chennai,South,Clothing,C1008,Premium,2793.43,701.58,0.035,33.6,65.0,4.0,20.2,60564.490000000005,5,2025-08-12,141
2025-10-02,Mumbai,West,Clothing,C1005,New,7175.56,1875.83,0.059,25.1,48.6,0.7,14.4,99747.54,8,2025-11-11,50
2025-07-06,Pune,West,Sports,C1059,Regular,1804.99,1038.57,0.053,29.6,84.0,45.7,15.8,19030.78,3,2025-12-19,12
2025-12-15,Lucknow,North,Clothing,C1001,Regular,19108.19,5349.65,0.066,23.4,61.1,3.4,10.3,63865.35,6,2025-12-24,7
2025-03-15,Kolkata,East,Electronics,C1038,New,12987.8,1849.09,0.046,23.9,64.9,7.8,11.4,49130.02,6,2025-12-14,17
2025-07-08,Chennai,South,Electronics,C1003,Regular,20896.61,2639.28,0.123,34.8,84.9,84.8,17.0,68437.03,4,2025-12-26,5
2025-02-11,Kolkata,East,Clothing,C1006,Regular,6566.45,2431.13,0.037,25.2,54.6,0.4,16.8,84364.59,10,2025-12-13,18
2025-06-04,Pune,West,Clothing,C1027,Regular,8941.79,2155.94,0.044,29.5,78.9,63.5,17.0,31717.68,4,2025-09-13,109
2025-02-18,Kolkata,East,Home & Kitchen,C1031,New,9631.44,2715.98,0.048,23.0,44.5,7.4,12.6,56398.43,7,2025-12-30,1
2025-04-23,Bengaluru,South,Home & Kitchen,C1022,Regular,11504.0,1926.79,0.14,26.6,54.7,16.8,13.3,34250.42,3,2025-06-10,204
2025-10-19,Hyderabad,South,Clothing,C1055,New,11318.04,3291.22,0.127,23.8,60.3,20.6,18.1,75512.91,4,2025-12-13,18
2025-12-17,Jaipur,North,Clothing,C1031,New,6834.86,2142.88,0.04,22.1,46.3,17.6,16.6,56398.43,7,2025-12-30,1
2025-01-02,Pune,West,Sports,C1038,Regular,9395.56,2305.64,0.084,21.4,46.4,9.2,12.2,49130.02,6,2025-12-14,17
2025-11-21,Pune,West,Home & Kitchen,C1031,Regular,4863.93,870.04,0.094,20.6,65.6,7.6,12.4,56398.43,7,2025-12-30,1
2025-01-30,Hyderabad,South,Electronics,C1024,Regular,40720.47,6692.65,0.032,21.9,68.2,14.5,6.6,100971.69,6,2025-11-10,51
2025-04-07,Lucknow,North,Clothing,C1019,Premium,5180.46,1563.92,0.045,30.3,60.7,15.5,20.2,52067.229999999996,4,2025-08-31,122
2025-07-19,Lucknow,North,Clothing,C1016,Regular,16541.73,3755.65,0.132,31.6,81.0,39.7,8.1,108233.99,8,2025-11-06,55
2025-07-17,Bengaluru,South,Home & Kitchen,C1021,New,8462.85,2395.12,0.056,28.3,76.7,46.0,17.4,66963.2,5,2025-08-04,149
2025-03-26,Kolkata,East,Sports,C1058,Regular,5723.32,1449.37,0.057,25.7,63.0,0.0,16.6,41695.65,4,2025-11-05,56
2025-10-09,Lucknow,North,Home & Kitchen,C1056,Regular,6409.69,1426.85,0.174,21.5,53.4,0.0,16.4,44396.03,6,2025-10-09,83
2025-12-30,Delhi,North,Clothing,C1053,Regular,6743.24,1830.73,0.06,22.6,63.5,3.4,12.7,61402.78,7,2025-12-30,1
2025-11-03,Ahmedabad,West,Electronics,C1018,Regular,19609.84,2443.57,0.07,25.2,69.0,10.0,24.4,104399.53,8,2025-12-04,27
2025-08-18,Chennai,South,Sports,C1058,Premium,7184.22,1969.7,0.027,29.5,81.8,36.5,10.2,41695.65,4,2025-11-05,56
2025-12-19,Kolkata,East,Sports,C1059,Regular,8343.49,2104.87,0.098,30.6,58.1,0.7,21.3,19030.78,3,2025-12-19,12
2025-05-15,Hyderabad,South,Electronics,C1022,Regular,17934.47,2397.66,0.133,33.6,57.8,6.3,12.3,34250.42,3,2025-06-10,204
2025-06-30,Bengaluru,South,Clothing,C1060,New,8386.13,2270.4,0.023,31.1,70.4,17.3,12.9,22767.519999999997,3,2025-06-30,184
2025-11-05,Bengaluru,South,Electronics,C1058,Regular,23349.51,3457.95,0.08,19.2,62.3,0.0,12.9,41695.65,4,2025-11-05,56
2025-11-29,Delhi,North,Home & Kitchen,C1018,Regular,20456.54,4145.37,0.166,23.4,65.4,22.7,17.9,104399.53,8,2025-12-04,27
2025-05-29,Chennai,South,Home & Kitchen,C1038,Regular,7434.73,1844.78,0.1,34.6,55.7,13.0,10.0,49130.02,6,2025-12-14,17
2025-07-30,Kolkata,East,Electronics,C1032,Regular,12684.54,2456.9,0.025,32.6,84.8,41.4,15.6,43318.64,5,2025-12-14,17
2025-09-03,Ahmedabad,West,Electronics,C1048,Regular,23542.99,3327.54,0.117,26.8,81.9,69.4,15.3,78417.64,6,2025-09-03,119
2025-08-04,Pune,West,Sports,C1016,Regular,8612.79,2295.99,0.04,30.9,69.5,13.6,12.7,108233.99,8,2025-11-06,55
2025-09-08,Bhubaneswar,East,Sports,C1003,Regular,10564.55,3792.55,0.023,26.8,79.5,50.3,19.0,68437.03,4,2025-12-26,5
2025-09-30,Ahmedabad,West,Clothing,C1011,New,4542.84,1094.78,0.033,28.1,79.7,24.1,8.3,57094.42,6,2025-12-22,9
2025-05-23,Jaipur,North,Sports,C1028,Premium,4096.75,1580.19,0.059,29.6,64.5,10.5,12.2,28291.620000000003,3,2025-05-23,222
2025-12-17,Lucknow,North,Home & Kitchen,C1012,Regular,7343.9,1830.78,0.044,23.8,47.1,17.0,13.1,61121.58,5,2025-12-17,14
2025-12-17,Bhubaneswar,East,Electronics,C1040,Premium,15211.94,2179.05,0.01,23.0,53.7,19.0,15.5,22431.06,2,2025-12-17,14
2025-03-24,Guwahati,East,Sports,C1013,New,6567.93,1850.46,0.078,20.4,56.5,7.7,9.9,55751.64,4,2025-12-02,29
2025-04-16,Kolkata,East,Home & Kitchen,C1018,New,8850.16,1526.54,0.068,27.0,67.0,0.0,21.9,104399.53,8,2025-12-04,27
2025-02-16,Bengaluru,South,Clothing,C1056,Premium,4045.16,780.81,0.063,17.9,61.4,12.1,20.8,44396.03,6,2025-10-09,83
2025-06-09,Guwahati,East,Electronics,C1049,Premium,25177.96,4074.05,0.049,28.9,85.0,74.6,15.4,86250.66,7,2025-11-24,37
2025-04-24,Pune,West,Sports,C1005,Regular,5911.37,1980.0,0.014,27.2,62.7,15.4,7.4,99747.54,8,2025-11-11,50
2025-01-08,Lucknow,North,Electronics,C1014,Premium,7279.25,781.21,0.071,19.5,69.9,16.6,17.3,78308.61,7,2025-10-15,77
2025-07-16,Jaipur,North,Clothing,C1054,Premium,4415.81,514.03,0.082,32.5,92.1,74.0,12.6,103824.88,7,2025-12-28,3
2025-08-27,Delhi,North,Sports,C1059,Regular,8882.3,1743.69,0.055,25.6,75.7,51.4,13.6,19030.78,3,2025-12-19,12
2025-01-13,Mumbai,West,Home & Kitchen,C1054,Regular,6385.0,1369.39,0.094,23.5,65.9,14.3,12.7,103824.88,7,2025-12-28,3
2025-12-09,Hyderabad,South,Home & Kitchen,C1026,Regular,9259.98,2208.58,0.068,22.0,52.8,0.0,12.9,33796.06,4,2025-12-09,22
2025-11-06,Bhubaneswar,East,Clothing,C1042,New,9704.3,3191.56,0.048,24.7,57.0,0.0,19.5,85665.87,6,2025-11-06,55
2025-11-09,Lucknow,North,Clothing,C1020,Regular,22362.18,6170.06,0.086,26.3,66.6,17.9,9.0,81472.18,4,2025-11-09,52
2025-12-22,Mumbai,West,Clothing,C1052,Regular,11572.14,3370.45,0.061,26.6,50.6,14.0,10.3,69972.59,5,2025-12-22,9
2025-01-18,Chennai,South,Electronics,C1003,Regular,14993.04,1152.52,0.207,23.3,54.2,33.0,12.1,68437.03,4,2025-12-26,5
2025-08-26,Bengaluru,South,Electronics,C1006,Premium,16555.81,2603.26,0.113,27.4,67.6,12.1,13.3,84364.59,10,2025-12-13,18
2025-07-30,Bhubaneswar,East,Clothing,C1027,Regular,4226.69,1099.04,0.032,32.6,75.1,29.3,13.4,31717.68,4,2025-09-13,109
2025-04-27,Chennai,South,Sports,C1011,Premium,8341.0,2507.17,0.058,36.4,70.6,0.0,8.4,57094.42,6,2025-12-22,9
2025-09-20,Kolkata,East,Home & Kitchen,C1044,Regular,13024.98,2324.16,0.093,26.6,73.8,58.5,12.6,61615.93,5,2025-12-14,17
2025-05-19,Kolkata,East,Clothing,C1016,New,18667.01,5174.84,0.077,33.3,49.7,0.0,11.6,108233.99,8,2025-11-06,55
2025-08-21,Hyderabad,South,Home & Kitchen,C1014,Regular,16191.34,3867.44,0.031,25.4,79.3,16.4,11.4,78308.61,7,2025-10-15,77
2025-03-10,Chennai,South,Electronics,C1052,Regular,32240.89,5608.83,0.005,28.3,63.6,12.6,6.7,69972.59,5,2025-12-22,9
2025-07-24,Hyderabad,South,Electronics,C1016,Regular,28193.02,3902.24,0.115,29.1,80.6,33.7,21.9,108233.99,8,2025-11-06,55
2025-03-20,Chennai,South,Clothing,C1006,New,4751.44,814.83,0.079,30.3,65.4,17.9,12.7,84364.59,10,2025-12-13,18
2025-08-15,Pune,West,Home & Kitchen,C1048,Regular,11218.32,1818.98,0.038,27.5,81.7,72.4,2.4,78417.64,6,2025-09-03,119
2025-03-01,Jaipur,North,Electronics,C1002,New,10503.94,1591.62,0.053,23.9,52.3,9.0,16.1,49031.47,4,2025-05-16,229
2025-01-23,Ahmedabad,West,Electronics,C1002,Regular,26810.03,4365.95,0.053,29.1,59.4,1.4,18.4,49031.47,4,2025-05-16,229
2025-09-18,Kolkata,East,Clothing,C1026,Premium,7422.85,2282.73,0.087,27.0,81.3,11.2,13.5,33796.06,4,2025-12-09,22
2025-08-19,Kolkata,East,Sports,C1045,Regular,2985.86,873.45,0.033,30.9,78.3,0.0,11.7,33792.42,5,2025-10-14,78
2025-12-23,Bengaluru,South,Sports,C1043,Regular,6964.57,1660.97,0.08,23.3,49.8,1.0,14.3,98163.75,11,2025-12-23,8
2025-12-03,Delhi,North,Home & Kitchen,C1030,Regular,7842.44,1488.04,0.076,19.2,48.6,0.0,14.2,55869.04,6,2025-12-03,28
2025-03-01,Mumbai,West,Clothing,C1016,Premium,14807.84,4367.58,0.051,28.5,58.0,0.0,12.2,108233.99,8,2025-11-06,55
2025-07-29,Ahmedabad,West,Sports,C1030,Regular,4282.02,865.81,0.028,35.1,73.3,67.5,14.4,55869.04,6,2025-12-03,28
2025-01-20,Chennai,South,Clothing,C1008,Premium,6713.76,2105.96,0.041,24.0,58.4,21.6,20.3,60564.490000000005,5,2025-08-12,141
2025-05-10,Bengaluru,South,Electronics,C1019,Premium,26209.79,4177.88,0.042,27.0,42.6,4.7,6.9,52067.229999999996,4,2025-08-31,122
2025-04-17,Jaipur,North,Sports,C1037,Premium,10801.31,2764.67,0.051,30.0,50.5,18.8,19.3,48113.71,4,2025-08-21,132
2025-01-22,Bengaluru,South,Sports,C1053,Regular,8156.7,1962.46,0.145,20.2,56.7,5.9,16.1,61402.78,7,2025-12-30,1
2025-07-30,Hyderabad,South,Sports,C1034,Regular,2788.97,599.54,0.099,29.4,82.5,65.9,3.0,6498.45,2,2025-07-30,154
2025-12-30,Pune,West,Clothing,C1031,Premium,11316.23,2964.08,0.09,23.7,51.8,2.4,9.8,56398.43,7,2025-12-30,1
2025-01-13,Chennai,South,Sports,C1043,Premium,7501.13,1874.53,0.116,24.8,61.6,11.9,15.4,98163.75,11,2025-12-23,8
2025-03-27,Kolkata,East,Electronics,C1011,Premium,10673.63,1843.06,0.014,28.8,56.7,15.4,14.3,57094.42,6,2025-12-22,9
2025-01-04,Mumbai,West,Sports,C1051,Regular,9215.39,2448.24,0.05,26.0,62.5,7.1,12.7,44187.31,5,2025-10-21,71
2025-09-21,Chennai,South,Clothing,C1007,Regular,4514.04,956.09,0.05,24.9,71.6,44.2,12.0,85664.42,6,2025-09-28,94
2025-10-08,Bhubaneswar,East,Sports,C1049,Regular,4034.18,468.17,0.036,25.3,61.4,11.4,15.2,86250.66,7,2025-11-24,37
2025-10-08,Lucknow,North,Sports,C1009,Regular,3248.77,701.35,0.107,26.0,57.4,26.5,15.4,24129.92,5,2025-11-26,35
2025-03-16,Lucknow,North,Electronics,C1030,Premium,30027.63,4707.74,0.034,26.4,71.6,0.0,19.1,55869.04,6,2025-12-03,28
2025-10-21,Mumbai,West,Sports,C1051,Regular,4996.2,1030.93,0.028,27.9,62.7,18.0,20.3,44187.31,5,2025-10-21,71
2025-08-03,Pune,West,Sports,C1013,Regular,4858.16,576.73,0.145,30.9,79.1,60.5,16.7,55751.64,4,2025-12-02,29
2025-02-13,Chennai,South,Home & Kitchen,C1004,Premium,16539.92,3168.43,0.063,25.5,66.5,0.0,20.1,110758.69,7,2025-10-09,83
2025-07-13,Bhubaneswar,East,Electronics,C1004,New,14379.66,2068.83,0.037,31.1,79.1,43.0,13.7,110758.69,7,2025-10-09,83
2025-10-29,Delhi,North,Sports,C1033,Regular,4435.94,1277.41,0.04,20.6,46.2,0.0,9.8,13418.33,4,2025-10-29,63
2025-11-12,Lucknow,North,Sports,C1043,New,4982.46,967.51,0.102,24.2,53.5,14.8,19.8,98163.75,11,2025-12-23,8
2025-06-09,Mumbai,West,Clothing,C1051,Premium,2993.67,860.73,0.05,32.2,84.2,64.4,16.2,44187.31,5,2025-10-21,71
2025-07-07,Lucknow,North,Clothing,C1053,Premium,12972.27,3179.39,0.136,29.0,65.4,30.0,21.3,61402.78,7,2025-12-30,1
2025-04-29,Kolkata,East,Home & Kitchen,C1025,Regular,7090.56,2430.44,0.012,32.4,57.2,3.8,7.7,87587.81,9,2025-12-19,12
2025-04-13,Bhubaneswar,East,Clothing,C1040,Regular,7219.12,1736.86,0.072,30.2,70.4,1.2,13.4,22431.06,2,2025-12-17,14
2025-04-08,Ahmedabad,West,Sports,C1043,New,5836.46,1140.92,0.033,29.4,56.1,14.5,10.7,98163.75,11,2025-12-23,8
2025-11-06,Hyderabad,South,Home & Kitchen,C1016,New,6738.99,1152.6,0.04,21.0,58.4,7.3,20.1,108233.99,8,2025-11-06,55
2025-08-01,Chennai,South,Sports,C1042,Regular,5144.33,913.62,0.138,32.3,87.0,40.5,12.2,85665.87,6,2025-11-06,55
2025-08-13,Ahmedabad,West,Sports,C1047,Premium,3823.63,1076.99,0.037,30.5,79.1,16.4,10.6,33841.44,5,2025-08-13,140
2025-12-10,Kolkata,East,Sports,C1001,Premium,6848.56,1684.15,0.037,25.4,57.3,0.0,9.8,63865.35,6,2025-12-24,7
2025-04-04,Bengaluru,South,Clothing,C1033,Premium,3784.44,1041.49,0.018,25.6,63.0,0.1,20.3,13418.33,4,2025-10-29,63
2025-01-24,Bhubaneswar,East,Home & Kitchen,C1054,Regular,23340.6,4985.59,0.048,27.5,56.7,0.0,16.5,103824.88,7,2025-12-28,3
2025-10-27,Bengaluru,South,Sports,C1005,Regular,9570.22,1653.04,0.048,19.7,66.3,6.5,16.3,99747.54,8,2025-11-11,50
2025-11-05,Delhi,North,Home & Kitchen,C1029,Premium,15496.81,3699.78,0.013,23.8,50.2,1.9,11.1,70266.59,6,2025-11-05,56
2025-04-12,Delhi,North,Sports,C1053,Premium,6660.8,1444.49,0.075,25.8,68.5,0.0,13.4,61402.78,7,2025-12-30,1
2025-04-07,Jaipur,North,Clothing,C1057,New,11206.47,3267.33,0.073,27.1,61.0,0.0,19.6,40618.7,4,2025-11-03,58
2025-02-09,Hyderabad,South,Sports,C1028,Premium,8166.34,2795.73,0.038,23.2,49.5,10.5,15.5,28291.620000000003,3,2025-05-23,222
2025-03-23,Jaipur,North,Clothing,C1047,Regular,9630.14,2727.79,0.053,27.4,56.3,0.0,11.8,33841.44,5,2025-08-13,140
2025-04-03,Kolkata,East,Home & Kitchen,C1029,New,14527.08,2950.18,0.105,30.4,62.1,14.5,16.6,70266.59,6,2025-11-05,56
2025-11-30,Bhubaneswar,East,Home & Kitchen,C1011,Regular,7130.27,1828.56,0.041,25.3,77.6,0.0,14.4,57094.42,6,2025-12-22,9
2025-04-28,Kolkata,East,Sports,C1004,Regular,5653.57,1412.71,0.08,31.9,62.1,0.0,17.1,110758.69,7,2025-10-09,83
2025-12-01,Hyderabad,South,Home & Kitchen,C1044,Regular,15523.93,3008.28,0.071,25.1,74.5,15.3,17.5,61615.93,5,2025-12-14,17
2025-12-02,Mumbai,West,Electronics,C1013,Regular,21774.32,3539.71,0.039,25.0,81.1,0.0,16.3,55751.64,4,2025-12-02,29
2025-03-05,Kolkata,East,Home & Kitchen,C1045,Regular,7107.16,1385.82,0.067,29.4,67.3,6.9,17.7,33792.42,5,2025-10-14,78
2025-08-18,Kolkata,East,Electronics,C1050,Regular,13317.25,2024.99,0.037,28.8,79.1,16.8,11.7,53219.47,3,2025-11-29,32
2025-02-04,Chennai,South,Sports,C1053,New,6602.51,2369.69,0.081,25.3,60.3,5.8,9.3,61402.78,7,2025-12-30,1
2025-04-11,Pune,West,Home & Kitchen,C1005,Regular,9973.53,2526.35,0.013,29.6,59.4,0.0,8.8,99747.54,8,2025-11-11,50
2025-11-29,Delhi,North,Electronics,C1012,New,27085.24,4384.32,0.058,23.2,57.5,0.5,21.4,61121.58,5,2025-12-17,14
2025-12-25,Jaipur,North,Sports,C1023,Premium,7769.81,2057.94,0.043,25.0,56.2,0.0,17.9,41836.11,4,2025-12-25,6
2025-04-28,Lucknow,North,Sports,C1038,Premium,9483.33,1910.95,0.083,23.9,64.4,0.0,14.8,49130.02,6,2025-12-14,17
2025-07-12,Guwahati,East,Home & Kitchen,C1001,Regular,13975.9,2839.88,0.057,27.1,85.9,61.4,16.8,63865.35,6,2025-12-24,7
2025-10-31,Chennai,South,Sports,C1057,New,10289.35,2834.27,0.119,25.3,74.9,1.1,17.7,40618.7,4,2025-11-03,58
2025-10-07,Delhi,North,Sports,C1018,Regular,9116.06,2062.27,0.02,24.0,47.1,13.1,17.9,104399.53,8,2025-12-04,27
2025-01-04,Pune,West,Clothing,C1002,Regular,5290.26,1524.87,0.142,25.5,56.4,0.0,9.6,49031.47,4,2025-05-16,229
2025-10-20,Bhubaneswar,East,Home & Kitchen,C1010,Regular,10270.38,2216.34,0.088,25.2,71.1,19.5,12.9,23053.269999999997,2,2025-12-16,15
2025-01-20,Jaipur,North,Clothing,C1047,Regular,6726.64,1842.65,0.071,22.0,55.7,11.9,18.3,33841.44,5,2025-08-13,140
2025-09-29,Hyderabad,South,Home & Kitchen,C1023,Premium,7641.17,1657.79,0.02,23.4,77.1,39.8,20.5,41836.11,4,2025-12-25,6
2025-06-06,Jaipur,North,Sports,C1027,Regular,4494.73,897.12,0.14,34.3,73.1,45.7,12.9,31717.68,4,2025-09-13,109
2025-05-31,Jaipur,North,Electronics,C1024,New,18691.7,2429.4,0.046,30.2,58.5,17.7,13.8,100971.69,6,2025-11-10,51
2025-10-20,Delhi,North,Clothing,C1026,Premium,11006.2,2958.76,0.031,22.4,65.9,0.0,15.0,33796.06,4,2025-12-09,22
2025-10-01,Pune,West,Home & Kitchen,C1042,New,11483.26,2721.31,0.033,24.4,63.3,0.0,15.8,85665.87,6,2025-11-06,55
2025-01-29,Mumbai,West,Clothing,C1030,Regular,3904.0,782.47,0.037,25.0,65.6,18.1,10.5,55869.04,6,2025-12-03,28
2025-05-17,Ahmedabad,West,Clothing,C1023,Premium,10846.46,3081.69,0.045,32.2,58.8,11.0,10.5,41836.11,4,2025-12-25,6
2025-02-14,Ahmedabad,West,Sports,C1058,Premium,5438.6,1283.05,0.03,26.9,39.7,0.0,18.6,41695.65,4,2025-11-05,56
2025-01-03,Kolkata,East,Electronics,C1013,Premium,22551.23,3170.55,0.049,24.2,57.4,3.6,10.2,55751.64,4,2025-12-02,29
2025-04-07,Delhi,North,Home & Kitchen,C1014,Regular,8326.28,1696.79,0.092,27.4,74.5,23.5,12.6,78308.61,7,2025-10-15,77
2025-12-24,Delhi,North,Clothing,C1001,Premium,8257.18,2313.44,0.075,22.2,56.2,0.0,8.7,63865.35,6,2025-12-24,7
2025-04-27,Pune,West,Electronics,C1005,Regular,20478.29,3308.13,0.059,25.4,65.2,0.0,16.7,99747.54,8,2025-11-11,50
2025-08-05,Chennai,South,Clothing,C1016,Regular,6621.06,1532.68,0.067,29.8,86.7,26.2,15.2,108233.99,8,2025-11-06,55
2025-03-14,Pune,West,Home & Kitchen,C1014,Regular,9168.16,1717.7,0.082,25.6,64.7,4.3,11.9,78308.61,7,2025-10-15,77
2025-09-13,Bengaluru,South,Sports,C1049,Premium,3842.68,1239.6,0.027,27.5,78.7,38.8,15.1,86250.66,7,2025-11-24,37
2025-11-08,Bhubaneswar,East,Home & Kitchen,C1041,Premium,7271.01,1976.87,0.079,25.7,65.1,20.5,17.6,7271.01,1,2025-11-08,53
2025-01-30,Guwahati,East,Electronics,C1060,Premium,10886.32,2211.23,0.044,24.3,62.4,21.0,11.1,22767.519999999997,3,2025-06-30,184
2025-10-30,Jaipur,North,Home & Kitchen,C1017,New,4651.21,949.52,0.101,25.8,63.9,17.7,11.2,52863.37,7,2025-10-30,62
2025-04-24,Lucknow,North,Home & Kitchen,C1004,Regular,18474.79,3458.24,0.107,27.5,64.9,10.9,19.0,110758.69,7,2025-10-09,83
2025-10-07,Ahmedabad,West,Clothing,C1039,New,11438.18,2682.35,0.12,28.3,54.0,20.4,17.0,76610.16,6,2025-12-04,27
2025-05-18,Hyderabad,South,Electronics,C1011,Premium,19322.87,3336.81,0.049,29.8,59.8,17.5,8.9,57094.42,6,2025-12-22,9
2025-06-22,Ahmedabad,West,Home & Kitchen,C1012,Premium,11726.21,2664.29,0.021,32.2,83.4,59.9,15.6,61121.58,5,2025-12-17,14
2025-02-17,Lucknow,North,Clothing,C1054,Regular,4500.89,1229.21,0.054,26.3,65.4,29.1,14.9,103824.88,7,2025-12-28,3
2025-11-03,Jaipur,North,Electronics,C1057,Regular,11804.89,2098.51,0.073,26.1,59.9,13.2,9.6,40618.7,4,2025-11-03,58
2025-10-28,Chennai,South,Clothing,C1009,New,5775.15,1980.12,0.045,26.7,60.0,2.4,15.9,24129.92,5,2025-11-26,35
2025-11-28,Pune,West,Clothing,C1043,Regular,13863.56,3585.51,0.058,25.9,55.2,5.7,12.6,98163.75,11,2025-12-23,8
2025-01-29,Lucknow,North,Clothing,C1025,Premium,12215.66,3181.33,0.051,25.0,53.6,23.1,14.6,87587.81,9,2025-12-19,12
2025-11-11,Bengaluru,South,Sports,C1005,Regular,6457.78,1653.11,0.015,20.7,61.5,28.4,11.4,99747.54,8,2025-11-11,50
2025-01-16,Bengaluru,South,Clothing,C1047,Regular,7823.0,2060.15,0.121,20.1,58.5,5.5,10.2,33841.44,5,2025-08-13,140
2025-03-12,Bhubaneswar,East,Clothing,C1048,Regular,8482.79,2157.11,0.031,27.7,66.8,11.7,9.1,78417.64,6,2025-09-03,119
2025-11-12,Jaipur,North,Clothing,C1025,Premium,4785.55,679.61,0.11,24.2,50.3,0.0,18.4,87587.81,9,2025-12-19,12
2025-08-29,Mumbai,West,Home & Kitchen,C1043,Regular,13305.47,2537.64,0.062,29.9,85.2,32.6,16.7,98163.75,11,2025-12-23,8
2025-03-08,Hyderabad,South,Sports,C1037,Regular,12180.16,3647.89,0.024,24.2,58.2,14.6,14.2,48113.71,4,2025-08-21,132
2025-02-01,Bhubaneswar,East,Home & Kitchen,C1006,Regular,9835.25,2354.87,0.099,25.2,70.3,0.8,12.9,84364.59,10,2025-12-13,18
2025-06-16,Hyderabad,South,Electronics,C1006,New,19210.86,4017.79,0.03,28.3,84.8,47.6,19.4,84364.59,10,2025-12-13,18
2025-01-23,Bengaluru,South,Sports,C1019,Regular,5934.95,1735.18,0.101,21.0,56.3,0.3,7.3,52067.229999999996,4,2025-08-31,122
2025-06-06,Chennai,South,Home & Kitchen,C1036,New,5845.54,1075.22,0.163,36.2,82.8,77.6,13.2,35001.37,2,2025-06-06,208
2025-03-30,Mumbai,West,Clothing,C1017,Premium,10409.01,3418.2,0.055,29.7,69.2,0.0,17.4,52863.37,7,2025-10-30,62
2025-06-24,Mumbai,West,Electronics,C1021,New,25736.17,4190.41,0.059,33.0,69.9,36.4,11.3,66963.2,5,2025-08-04,149
2025-03-01,Chennai,South,Sports,C1018,Regular,4821.06,1206.69,0.085,29.7,62.6,3.4,11.0,104399.53,8,2025-12-04,27
2025-06-12,Lucknow,North,Home & Kitchen,C1052,New,7533.36,2357.68,0.087,32.0,80.0,42.3,19.1,69972.59,5,2025-12-22,9
2025-02-25,Hyderabad,South,Sports,C1056,Regular,10668.61,2802.45,0.073,21.4,63.6,6.6,13.5,44396.03,6,2025-10-09,83
2025-06-04,Bengaluru,South,Electronics,C1054,Regular,24285.61,3034.62,0.153,28.4,79.0,56.4,11.2,103824.88,7,2025-12-28,3
2025-06-28,Delhi,North,Sports,C1024,Regular,6509.75,1403.7,0.121,29.6,70.9,38.3,12.9,100971.69,6,2025-11-10,51
2025-06-23,Mumbai,West,Home & Kitchen,C1035,New,4495.25,374.57,0.073,35.6,57.3,0.0,17.9,4495.25,1,2025-06-23,191
2025-08-31,Mumbai,West,Electronics,C1019,New,14742.03,2521.14,0.049,31.7,80.0,57.0,19.3,52067.229999999996,4,2025-08-31,122
2025-12-13,Pune,West,Home & Kitchen,C1006,New,7681.36,1575.03,0.096,24.7,36.7,1.9,18.9,84364.59,10,2025-12-13,18
2025-03-13,Chennai,South,Home & Kitchen,C1039,Regular,23014.48,5009.41,0.05,30.8,53.8,3.0,6.5,76610.16,6,2025-12-04,27
2025-09-28,Hyderabad,South,Clothing,C1056,Regular,6133.97,1910.47,0.051,27.5,78.9,51.1,24.4,44396.03,6,2025-10-09,83
2025-09-14,Bhubaneswar,East,Electronics,C1043,Regular,12923.15,2120.39,0.083,29.1,86.6,29.7,22.1,98163.75,11,2025-12-23,8
2025-05-16,Guwahati,East,Sports,C1002,Regular,6427.24,1330.82,0.078,26.8,54.2,0.0,7.7,49031.47,4,2025-05-16,229
2025-02-14,Delhi,North,Clothing,C1008,Regular,13577.15,3708.84,0.057,24.0,55.3,0.0,14.9,60564.490000000005,5,2025-08-12,141
2025-11-08,Hyderabad,South,Sports,C1052,Premium,7819.14,2208.83,0.094,21.4,63.0,6.1,12.0,69972.59,5,2025-12-22,9
2025-02-02,Lucknow,North,Electronics,C1036,Regular,29155.83,3594.86,0.13,24.7,66.9,3.6,5.2,35001.37,2,2025-06-06,208
2025-11-16,Pune,West,Sports,C1012,Regular,2999.51,735.23,0.041,24.4,66.7,0.0,14.1,61121.58,5,2025-12-17,14
2025-12-04,Mumbai,West,Sports,C1018,Regular,8783.14,1690.72,0.092,23.1,52.4,17.8,10.6,104399.53,8,2025-12-04,27
2025-11-23,Delhi,North,Sports,C1025,New,11491.4,3249.49,0.029,23.0,56.6,12.5,17.7,87587.81,9,2025-12-19,12
2025-01-21,Ahmedabad,West,Electronics,C1008,Regular,32179.81,5365.15,0.037,23.6,64.0,1.6,11.5,60564.490000000005,5,2025-08-12,141
2025-12-19,Delhi,North,Home & Kitchen,C1025,Regular,10360.16,2759.32,0.01,22.4,71.7,15.6,13.0,87587.81,9,2025-12-19,12
2025-06-16,Bhubaneswar,East,Electronics,C1007,Regular,24424.58,4550.15,0.057,32.2,81.8,66.1,13.5,85664.42,6,2025-09-28,94
2025-06-02,Pune,West,Home & Kitchen,C1024,Regular,12025.91,2583.46,0.035,33.8,78.2,35.8,12.6,100971.69,6,2025-11-10,51
2025-11-01,Lucknow,North,Home & Kitchen,C1049,New,4511.05,583.78,0.18,23.7,64.2,0.0,13.6,86250.66,7,2025-11-24,37
2025-04-08,Lucknow,North,Home & Kitchen,C1043,New,7875.61,1596.03,0.079,26.7,47.0,6.3,14.4,98163.75,11,2025-12-23,8
2025-09-22,Bhubaneswar,East,Electronics,C1004,Regular,39091.21,5699.63,0.115,30.4,82.4,62.9,15.4,110758.69,7,2025-10-09,83
2025-03-13,Kolkata,East,Home & Kitchen,C1007,Premium,6106.68,1142.92,0.188,31.5,52.3,0.0,15.2,85664.42,6,2025-09-28,94
2025-05-05,Bengaluru,South,Sports,C1007,Regular,7675.72,1829.19,0.066,27.0,71.5,3.6,14.5,85664.42,6,2025-09-28,94
2025-03-16,Jaipur,North,Sports,C1056,New,4067.89,998.66,0.092,25.1,58.9,18.3,13.0,44396.03,6,2025-10-09,83
2025-07-19,Guwahati,East,Clothing,C1026,Premium,6107.03,1554.44,0.074,28.3,81.0,33.9,12.9,33796.06,4,2025-12-09,22
2025-01-10,Hyderabad,South,Home & Kitchen,C1015,Regular,16990.47,3546.14,0.026,21.6,63.1,5.3,15.2,27444.410000000003,2,2025-01-10,355
2025-08-21,Mumbai,West,Clothing,C1037,New,7854.94,2170.43,0.014,31.0,80.3,39.8,10.6,48113.71,4,2025-08-21,132
2025-10-14,Pune,West,Sports,C1045,Regular,7459.42,2200.16,0.046,25.2,46.6,10.1,8.0,33792.42,5,2025-10-14,78
2025-06-18,Pune,West,Clothing,C1044,Regular,7234.4,1729.15,0.083,29.8,75.1,17.2,19.1,61615.93,5,2025-12-14,17
2025-03-13,Bengaluru,South,Clothing,C1023,Regular,15578.67,4042.76,0.085,25.6,58.7,19.5,14.9,41836.11,4,2025-12-25,6
2025-03-30,Jaipur,North,Sports,C1029,Regular,8745.33,2015.83,0.003,26.4,59.1,0.0,10.6,70266.59,6,2025-11-05,56
2025-07-24,Lucknow,North,Electronics,C1042,Regular,39021.56,3770.43,0.23,28.5,76.0,38.0,16.8,85665.87,6,2025-11-06,55
2025-06-13,Kolkata,East,Clothing,C1030,New,4150.33,1173.2,0.041,31.9,85.9,78.4,16.3,55869.04,6,2025-12-03,28
2025-05-22,Bhubaneswar,East,Sports,C1043,Premium,2640.24,1136.96,0.022,33.4,57.6,8.2,14.2,98163.75,11,2025-12-23,8
2025-12-14,Pune,West,Clothing,C1038,Regular,6584.65,1742.7,0.117,23.7,55.2,21.8,13.0,49130.02,6,2025-12-14,17
2025-08-12,Bengaluru,South,Clothing,C1032,Regular,9496.8,2226.05,0.063,25.6,77.3,23.6,10.5,43318.64,5,2025-12-14,17
2025-02-07,Pune,West,Sports,C1031,Regular,13211.38,3097.68,0.046,23.1,61.3,21.2,15.2,56398.43,7,2025-12-30,1
2025-08-28,Lucknow,North,Electronics,C1025,Premium,14891.58,2765.51,0.063,30.9,77.8,25.8,13.6,87587.81,9,2025-12-19,12
2025-07-16,Kolkata,East,Clothing,C1007,Regular,6833.07,2065.37,0.13,32.5,89.0,84.9,13.6,85664.42,6,2025-09-28,94
2025-06-27,Jaipur,North,Sports,C1017,Premium,4072.46,1358.42,0.07,29.5,86.9,66.1,10.1,52863.37,7,2025-10-30,62
2025-10-13,Ahmedabad,West,Electronics,C1018,Regular,19298.75,3306.71,0.008,26.2,61.4,20.5,14.1,104399.53,8,2025-12-04,27
2025-02-28,Bhubaneswar,East,Sports,C1033,Premium,2898.94,1361.0,0.126,27.2,56.6,15.2,11.1,13418.33,4,2025-10-29,63
2025-03-04,Bhubaneswar,East,Electronics,C1014,Regular,19475.93,2898.75,0.072,27.1,70.7,0.0,15.8,78308.61,7,2025-10-15,77
2025-12-06,Delhi,North,Sports,C1006,New,7418.91,2131.76,0.06,20.4,52.5,4.8,11.0,84364.59,10,2025-12-13,18
2025-05-22,Lucknow,North,Sports,C1029,Regular,10420.1,2339.94,0.082,27.9,55.1,12.7,15.3,70266.59,6,2025-11-05,56
2025-03-16,Jaipur,North,Home & Kitchen,C1018,Regular,13463.98,3707.37,0.039,25.9,60.7,22.7,11.8,104399.53,8,2025-12-04,27
2025-11-26,Bengaluru,South,Sports,C1009,Regular,3655.64,1240.91,0.009,22.5,57.1,15.4,17.8,24129.92,5,2025-11-26,35
2025-04-30,Delhi,North,Home & Kitchen,C1051,Premium,20314.27,4017.72,0.1,26.8,63.1,11.1,12.8,44187.31,5,2025-10-21,71
2025-05-07,Hyderabad,South,Electronics,C1005,Premium,18721.26,3287.66,0.015,29.1,67.5,5.0,12.1,99747.54,8,2025-11-11,50
2025-12-28,Delhi,North,Home & Kitchen,C1054,Regular,18542.7,4300.47,0.076,20.6,57.0,3.5,21.7,103824.88,7,2025-12-28,3
2025-07-02,Bengaluru,South,Clothing,C1012,Regular,11966.72,3143.95,0.046,25.0,71.1,8.9,16.2,61121.58,5,2025-12-17,14
2025-08-12,Guwahati,East,Sports,C1008,Regular,5300.34,1869.07,0.037,28.1,86.1,40.5,14.0,60564.490000000005,5,2025-08-12,141
2025-12-04,Pune,West,Home & Kitchen,C1039,Premium,12602.07,2990.72,0.045,24.7,64.9,3.9,16.3,76610.16,6,2025-12-04,27
2025-03-16,Kolkata,East,Home & Kitchen,C1046,New,11550.33,3101.14,0.04,26.5,64.2,1.5,15.5,51770.04,2,2025-03-21,285
2025-07-30,Guwahati,East,Sports,C1048,New,10510.54,2594.99,0.041,26.9,80.2,42.5,7.0,78417.64,6,2025-09-03,119
2025-11-11,Delhi,North,Home & Kitchen,C1052,New,10807.06,2264.91,0.174,21.7,55.0,7.4,14.3,69972.59,5,2025-12-22,9
2025-09-11,Hyderabad,South,Sports,C1001,Regular,5816.71,931.74,0.132,27.4,81.4,52.7,19.6,63865.35,6,2025-12-24,7
2025-08-20,Bengaluru,South,Home & Kitchen,C1017,Regular,11483.31,2686.2,0.107,28.5,67.8,35.6,11.8,52863.37,7,2025-10-30,62
2025-05-19,Guwahati,East,Sports,C1032,Premium,6591.63,1658.87,0.123,29.1,70.1,17.2,11.9,43318.64,5,2025-12-14,17
2025-01-23,Kolkata,East,Electronics,C1049,Regular,25102.3,3764.99,0.079,26.3,56.1,0.0,17.6,86250.66,7,2025-11-24,37
2025-08-05,Mumbai,West,Clothing,C1032,Regular,4580.5,1082.65,0.038,27.3,90.5,81.4,15.1,43318.64,5,2025-12-14,17
2025-04-27,Bhubaneswar,East,Electronics,C1028,Regular,16028.53,2796.95,0.017,29.4,56.5,22.3,15.5,28291.620000000003,3,2025-05-23,222
2025-09-02,Delhi,North,Electronics,C1051,New,6667.78,954.65,0.088,23.7,84.7,51.8,13.9,44187.31,5,2025-10-21,71
2025-12-13,Jaipur,North,Clothing,C1055,Regular,10487.03,2982.82,0.099,22.3,53.9,26.7,13.5,75512.91,4,2025-12-13,18
2025-01-06,Bhubaneswar,East,Home & Kitchen,C1009,Premium,4680.76,964.57,0.109,24.9,61.5,0.0,13.4,24129.92,5,2025-11-26,35
2025-09-23,Lucknow,North,Clothing,C1057,Regular,7317.99,2227.85,0.013,29.6,75.4,37.7,12.5,40618.7,4,2025-11-03,58
